Date,Year,Month,MonthName,WeekOfYear,WeekStart,DayName
2024-01-01,2024,1,Jan,1,2024-01-01,Mon
2024-01-02,2024,1,Jan,1,2024-01-01,Tue
2024-01-03,2024,1,Jan,1,2024-01-01,Wed
2024-01-04,2024,1,Jan,1,2024-01-01,Thu
2024-01-05,2024,1,Jan,1,2024-01-01,Fri
2024-01-06,2024,1,Jan,1,2024-01-01,Sat
2024-01-07,2024,1,Jan,1,2024-01-01,Sun
2024-01-08,2024,1,Jan,2,2024-01-08,Mon
2024-01-09,2024,1,Jan,2,2024-01-08,Tue
2024-01-10,2024,1,Jan,2,2024-01-08,Wed
2024-01-11,2024,1,Jan,2,2024-01-08,Thu
2024-01-12,2024,1,Jan,2,2024-01-08,Fri
2024-01-13,2024,1,Jan,2,2024-01-08,Sat
2024-01-14,2024,1,Jan,2,2024-01-08,Sun
2024-01-15,2024,1,Jan,3,2024-01-15,Mon
2024-01-16,2024,1,Jan,3,2024-01-15,Tue
2024-01-17,2024,1,Jan,3,2024-01-15,Wed
2024-01-18,2024,1,Jan,3,2024-01-15,Thu
2024-01-19,2024,1,Jan,3,2024-01-15,Fri
2024-01-20,2024,1,Jan,3,2024-01-15,Sat
2024-01-21,2024,1,Jan,3,2024-01-15,Sun
2024-01-22,2024,1,Jan,4,2024-01-22,Mon
2024-01-23,2024,1,Jan,4,2024-01-22,Tue
2024-01-24,2024,1,Jan,4,2024-01-22,Wed
2024-01-25,2024,1,Jan,4,2024-01-22,Thu
2024-01-26,2024,1,Jan,4,2024-01-22,Fri
2024-01-27,2024,1,Jan,4,2024-01-22,Sat
2024-01-28,2024,1,Jan,4,2024-01-22,Sun
2024-01-29,2024,1,Jan,5,2024-01-29,Mon
2024-01-30,2024,1,Jan,5,2024-01-29,Tue
2024-01-31,2024,1,Jan,5,2024-01-29,Wed
2024-02-01,2024,2,Feb,5,2024-01-29,Thu
2024-02-02,2024,2,Feb,5,2024-01-29,Fri
2024-02-03,2024,2,Feb,5,2024-01-29,Sat
2024-02-04,2024,2,Feb,5,2024-01-29,Sun
2024-02-05,2024,2,Feb,6,2024-02-05,Mon
2024-02-06,2024,2,Feb,6,2024-02-05,Tue
2024-02-07,2024,2,Feb,6,2024-02-05,Wed
2024-02-08,2024,2,Feb,6,2024-02-05,Thu
2024-02-09,2024,2,Feb,6,2024-02-05,Fri
2024-02-10,2024,2,Feb,6,2024-02-05,Sat
2024-02-11,2024,2,Feb,6,2024-02-05,Sun
2024-02-12,2024,2,Feb,7,2024-02-12,Mon
2024-02-13,2024,2,Feb,7,2024-02-12,Tue
2024-02-14,2024,2,Feb,7,2024-02-12,Wed
2024-02-15,2024,2,Feb,7,2024-02-12,Thu
2024-02-16,2024,2,Feb,7,2024-02-12,Fri
2024-02-17,2024,2,Feb,7,2024-02-12,Sat
2024-02-18,2024,2,Feb,7,2024-02-12,Sun
2024-02-19,2024,2,Feb,8,2024-02-19,Mon
2024-02-20,2024,2,Feb,8,2024-02-19,Tue
2024-02-21,2024,2,Feb,8,2024-02-19,Wed
2024-02-22,2024,2,Feb,8,2024-02-19,Thu
2024-02-23,2024,2,Feb,8,2024-02-19,Fri
2024-02-24,2024,2,Feb,8,2024-02-19,Sat
2024-02-25,2024,2,Feb,8,2024-02-19,Sun
2024-02-26,2024,2,Feb,9,2024-02-26,Mon
2024-02-27,2024,2,Feb,9,2024-02-26,Tue
2024-02-28,2024,2,Feb,9,2024-02-26,Wed
2024-02-29,2024,2,Feb,9,2024-02-26,Thu
2024-03-01,2024,3,Mar,9,2024-02-26,Fri
2024-03-02,2024,3,Mar,9,2024-02-26,Sat
2024-03-03,2024,3,Mar,9,2024-02-26,Sun
2024-03-04,2024,3,Mar,10,2024-03-04,Mon
2024-03-05,2024,3,Mar,10,2024-03-04,Tue
2024-03-06,2024,3,Mar,10,2024-03-04,Wed
2024-03-07,2024,3,Mar,10,2024-03-04,Thu
2024-03-08,2024,3,Mar,10,2024-03-04,Fri
2024-03-09,2024,3,Mar,10,2024-03-04,Sat
2024-03-10,2024,3,Mar,10,2024-03-04,Sun
2024-03-11,2024,3,Mar,11,2024-03-11,Mon
2024-03-12,2024,3,Mar,11,2024-03-11,Tue
2024-03-13,2024,3,Mar,11,2024-03-11,Wed
2024-03-14,2024,3,Mar,11,2024-03-11,Thu
2024-03-15,2024,3,Mar,11,2024-03-11,Fri
2024-03-16,2024,3,Mar,11,2024-03-11,Sat
2024-03-17,2024,3,Mar,11,2024-03-11,Sun
2024-03-18,2024,3,Mar,12,2024-03-18,Mon
2024-03-19,2024,3,Mar,12,2024-03-18,Tue
2024-03-20,2024,3,Mar,12,2024-03-18,Wed
2024-03-21,2024,3,Mar,12,2024-03-18,Thu
2024-03-22,2024,3,Mar,12,2024-03-18,Fri
2024-03-23,2024,3,Mar,12,2024-03-18,Sat
2024-03-24,2024,3,Mar,12,2024-03-18,Sun
2024-03-25,2024,3,Mar,13,2024-03-25,Mon
2024-03-26,2024,3,Mar,13,2024-03-25,Tue
2024-03-27,2024,3,Mar,13,2024-03-25,Wed
2024-03-28,2024,3,Mar,13,2024-03-25,Thu
2024-03-29,2024,3,Mar,13,2024-03-25,Fri
2024-03-30,2024,3,Mar,13,2024-03-25,Sat
2024-03-31,2024,3,Mar,13,2024-03-25,Sun
2024-04-01,2024,4,Apr,14,2024-04-01,Mon
2024-04-02,2024,4,Apr,14,2024-04-01,Tue
2024-04-03,2024,4,Apr,14,2024-04-01,Wed
2024-04-04,2024,4,Apr,14,2024-04-01,Thu
2024-04-05,2024,4,Apr,14,2024-04-01,Fri
2024-04-06,2024,4,Apr,14,2024-04-01,Sat
2024-04-07,2024,4,Apr,14,2024-04-01,Sun
2024-04-08,2024,4,Apr,15,2024-04-08,Mon
2024-04-09,2024,4,Apr,15,2024-04-08,Tue
2024-04-10,2024,4,Apr,15,2024-04-08,Wed
2024-04-11,2024,4,Apr,15,2024-04-08,Thu
2024-04-12,2024,4,Apr,15,2024-04-08,Fri
2024-04-13,2024,4,Apr,15,2024-04-08,Sat
2024-04-14,2024,4,Apr,15,2024-04-08,Sun
2024-04-15,2024,4,Apr,16,2024-04-15,Mon
2024-04-16,2024,4,Apr,16,2024-04-15,Tue
2024-04-17,2024,4,Apr,16,2024-04-15,Wed
2024-04-18,2024,4,Apr,16,2024-04-15,Thu
2024-04-19,2024,4,Apr,16,2024-04-15,Fri
2024-04-20,2024,4,Apr,16,2024-04-15,Sat
2024-04-21,2024,4,Apr,16,2024-04-15,Sun
2024-04-22,2024,4,Apr,17,2024-04-22,Mon
2024-04-23,2024,4,Apr,17,2024-04-22,Tue
2024-04-24,2024,4,Apr,17,2024-04-22,Wed
2024-04-25,2024,4,Apr,17,2024-04-22,Thu
2024-04-26,2024,4,Apr,17,2024-04-22,Fri
2024-04-27,2024,4,Apr,17,2024-04-22,Sat
2024-04-28,2024,4,Apr,17,2024-04-22,Sun
2024-04-29,2024,4,Apr,18,2024-04-29,Mon
2024-04-30,2024,4,Apr,18,2024-04-29,Tue
2024-05-01,2024,5,May,18,2024-04-29,Wed
2024-05-02,2024,5,May,18,2024-04-29,Thu
2024-05-03,2024,5,May,18,2024-04-29,Fri
2024-05-04,2024,5,May,18,2024-04-29,Sat
2024-05-05,2024,5,May,18,2024-04-29,Sun
2024-05-06,2024,5,May,19,2024-05-06,Mon
2024-05-07,2024,5,May,19,2024-05-06,Tue
2024-05-08,2024,5,May,19,2024-05-06,Wed
2024-05-09,2024,5,May,19,2024-05-06,Thu
2024-05-10,2024,5,May,19,2024-05-06,Fri
2024-05-11,2024,5,May,19,2024-05-06,Sat
2024-05-12,2024,5,May,19,2024-05-06,Sun
2024-05-13,2024,5,May,20,2024-05-13,Mon
2024-05-14,2024,5,May,20,2024-05-13,Tue
2024-05-15,2024,5,May,20,2024-05-13,Wed
2024-05-16,2024,5,May,20,2024-05-13,Thu
2024-05-17,2024,5,May,20,2024-05-13,Fri
2024-05-18,2024,5,May,20,2024-05-13,Sat
2024-05-19,2024,5,May,20,2024-05-13,Sun
2024-05-20,2024,5,May,21,2024-05-20,Mon
2024-05-21,2024,5,May,21,2024-05-20,Tue
2024-05-22,2024,5,May,21,2024-05-20,Wed
2024-05-23,2024,5,May,21,2024-05-20,Thu
2024-05-24,2024,5,May,21,2024-05-20,Fri
2024-05-25,2024,5,May,21,2024-05-20,Sat
2024-05-26,2024,5,May,21,2024-05-20,Sun
2024-05-27,2024,5,May,22,2024-05-27,Mon
2024-05-28,2024,5,May,22,2024-05-27,Tue
2024-05-29,2024,5,May,22,2024-05-27,Wed
2024-05-30,2024,5,May,22,2024-05-27,Thu
2024-05-31,2024,5,May,22,2024-05-27,Fri
2024-06-01,2024,6,Jun,22,2024-05-27,Sat
2024-06-02,2024,6,Jun,22,2024-05-27,Sun
2024-06-03,2024,6,Jun,23,2024-06-03,Mon
2024-06-04,2024,6,Jun,23,2024-06-03,Tue
2024-06-05,2024,6,Jun,23,2024-06-03,Wed
2024-06-06,2024,6,Jun,23,2024-06-03,Thu
2024-06-07,2024,6,Jun,23,2024-06-03,Fri
2024-06-08,2024,6,Jun,23,2024-06-03,Sat
2024-06-09,2024,6,Jun,23,2024-06-03,Sun
2024-06-10,2024,6,Jun,24,2024-06-10,Mon
2024-06-11,2024,6,Jun,24,2024-06-10,Tue
2024-06-12,2024,6,Jun,24,2024-06-10,Wed
2024-06-13,2024,6,Jun,24,2024-06-10,Thu
2024-06-14,2024,6,Jun,24,2024-06-10,Fri
2024-06-15,2024,6,Jun,24,2024-06-10,Sat
2024-06-16,2024,6,Jun,24,2024-06-10,Sun
2024-06-17,2024,6,Jun,25,2024-06-17,Mon
2024-06-18,2024,6,Jun,25,2024-06-17,Tue
2024-06-19,2024,6,Jun,25,2024-06-17,Wed
2024-06-20,2024,6,Jun,25,2024-06-17,Thu
2024-06-21,2024,6,Jun,25,2024-06-17,Fri
2024-06-22,2024,6,Jun,25,2024-06-17,Sat
2024-06-23,2024,6,Jun,25,2024-06-17,Sun
2024-06-24,2024,6,Jun,26,2024-06-24,Mon
2024-06-25,2024,6,Jun,26,2024-06-24,Tue
2024-06-26,2024,6,Jun,26,2024-06-24,Wed
2024-06-27,2024,6,Jun,26,2024-06-24,Thu
2024-06-28,2024,6,Jun,26,2024-06-24,Fri
2024-06-29,2024,6,Jun,26,2024-06-24,Sat
2024-06-30,2024,6,Jun,26,2024-06-24,Sun
2024-07-01,2024,7,Jul,27,2024-07-01,Mon
2024-07-02,2024,7,Jul,27,2024-07-01,Tue
2024-07-03,2024,7,Jul,27,2024-07-01,Wed
2024-07-04,2024,7,Jul,27,2024-07-01,Thu
2024-07-05,2024,7,Jul,27,2024-07-01,Fri
2024-07-06,2024,7,Jul,27,2024-07-01,Sat
2024-07-07,2024,7,Jul,27,2024-07-01,Sun
2024-07-08,2024,7,Jul,28,2024-07-08,Mon
2024-07-09,2024,7,Jul,28,2024-07-08,Tue
2024-07-10,2024,7,Jul,28,2024-07-08,Wed
2024-07-11,2024,7,Jul,28,2024-07-08,Thu
2024-07-12,2024,7,Jul,28,2024-07-08,Fri
2024-07-13,2024,7,Jul,28,2024-07-08,Sat
2024-07-14,2024,7,Jul,28,2024-07-08,Sun
2024-07-15,2024,7,Jul,29,2024-07-15,Mon
2024-07-16,2024,7,Jul,29,2024-07-15,Tue
2024-07-17,2024,7,Jul,29,2024-07-15,Wed
2024-07-18,2024,7,Jul,29,2024-07-15,Thu
2024-07-19,2024,7,Jul,29,2024-07-15,Fri
2024-07-20,2024,7,Jul,29,2024-07-15,Sat
2024-07-21,2024,7,Jul,29,2024-07-15,Sun
2024-07-22,2024,7,Jul,30,2024-07-22,Mon
2024-07-23,2024,7,Jul,30,2024-07-22,Tue
2024-07-24,2024,7,Jul,30,2024-07-22,Wed
2024-07-25,2024,7,Jul,30,2024-07-22,Thu
2024-07-26,2024,7,Jul,30,2024-07-22,Fri
2024-07-27,2024,7,Jul,30,2024-07-22,Sat
2024-07-28,2024,7,Jul,30,2024-07-22,Sun
2024-07-29,2024,7,Jul,31,2024-07-29,Mon
2024-07-30,2024,7,Jul,31,2024-07-29,Tue
2024-07-31,2024,7,Jul,31,2024-07-29,Wed
2024-08-01,2024,8,Aug,31,2024-07-29,Thu
2024-08-02,2024,8,Aug,31,2024-07-29,Fri
2024-08-03,2024,8,Aug,31,2024-07-29,Sat
2024-08-04,2024,8,Aug,31,2024-07-29,Sun
2024-08-05,2024,8,Aug,32,2024-08-05,Mon
2024-08-06,2024,8,Aug,32,2024-08-05,Tue
2024-08-07,2024,8,Aug,32,2024-08-05,Wed
2024-08-08,2024,8,Aug,32,2024-08-05,Thu
2024-08-09,2024,8,Aug,32,2024-08-05,Fri
2024-08-10,2024,8,Aug,32,2024-08-05,Sat
2024-08-11,2024,8,Aug,32,2024-08-05,Sun
2024-08-12,2024,8,Aug,33,2024-08-12,Mon
2024-08-13,2024,8,Aug,33,2024-08-12,Tue
2024-08-14,2024,8,Aug,33,2024-08-12,Wed
2024-08-15,2024,8,Aug,33,2024-08-12,Thu
2024-08-16,2024,8,Aug,33,2024-08-12,Fri
2024-08-17,2024,8,Aug,33,2024-08-12,Sat
2024-08-18,2024,8,Aug,33,2024-08-12,Sun
2024-08-19,2024,8,Aug,34,2024-08-19,Mon
2024-08-20,2024,8,Aug,34,2024-08-19,Tue
2024-08-21,2024,8,Aug,34,2024-08-19,Wed
2024-08-22,2024,8,Aug,34,2024-08-19,Thu
2024-08-23,2024,8,Aug,34,2024-08-19,Fri
2024-08-24,2024,8,Aug,34,2024-08-19,Sat
2024-08-25,2024,8,Aug,34,2024-08-19,Sun
2024-08-26,2024,8,Aug,35,2024-08-26,Mon
2024-08-27,2024,8,Aug,35,2024-08-26,Tue
2024-08-28,2024,8,Aug,35,2024-08-26,Wed
2024-08-29,2024,8,Aug,35,2024-08-26,Thu
2024-08-30,2024,8,Aug,35,2024-08-26,Fri
2024-08-31,2024,8,Aug,35,2024-08-26,Sat
2024-09-01,2024,9,Sep,35,2024-08-26,Sun
2024-09-02,2024,9,Sep,36,2024-09-02,Mon
2024-09-03,2024,9,Sep,36,2024-09-02,Tue
2024-09-04,2024,9,Sep,36,2024-09-02,Wed
2024-09-05,2024,9,Sep,36,2024-09-02,Thu
2024-09-06,2024,9,Sep,36,2024-09-02,Fri
2024-09-07,2024,9,Sep,36,2024-09-02,Sat
2024-09-08,2024,9,Sep,36,2024-09-02,Sun
2024-09-09,2024,9,Sep,37,2024-09-09,Mon
2024-09-10,2024,9,Sep,37,2024-09-09,Tue
2024-09-11,2024,9,Sep,37,2024-09-09,Wed
2024-09-12,2024,9,Sep,37,2024-09-09,Thu
2024-09-13,2024,9,Sep,37,2024-09-09,Fri
2024-09-14,2024,9,Sep,37,2024-09-09,Sat
2024-09-15,2024,9,Sep,37,2024-09-09,Sun
2024-09-16,2024,9,Sep,38,2024-09-16,Mon
2024-09-17,2024,9,Sep,38,2024-09-16,Tue
2024-09-18,2024,9,Sep,38,2024-09-16,Wed
2024-09-19,2024,9,Sep,38,2024-09-16,Thu
2024-09-20,2024,9,Sep,38,2024-09-16,Fri
2024-09-21,2024,9,Sep,38,2024-09-16,Sat
2024-09-22,2024,9,Sep,38,2024-09-16,Sun
2024-09-23,2024,9,Sep,39,2024-09-23,Mon
2024-09-24,2024,9,Sep,39,2024-09-23,Tue
2024-09-25,2024,9,Sep,39,2024-09-23,Wed
2024-09-26,2024,9,Sep,39,2024-09-23,Thu
2024-09-27,2024,9,Sep,39,2024-09-23,Fri
2024-09-28,2024,9,Sep,39,2024-09-23,Sat
2024-09-29,2024,9,Sep,39,2024-09-23,Sun
2024-09-30,2024,9,Sep,40,2024-09-30,Mon
2024-10-01,2024,10,Oct,40,2024-09-30,Tue
2024-10-02,2024,10,Oct,40,2024-09-30,Wed
2024-10-03,2024,10,Oct,40,2024-09-30,Thu
2024-10-04,2024,10,Oct,40,2024-09-30,Fri
2024-10-05,2024,10,Oct,40,2024-09-30,Sat
2024-10-06,2024,10,Oct,40,2024-09-30,Sun
2024-10-07,2024,10,Oct,41,2024-10-07,Mon
2024-10-08,2024,10,Oct,41,2024-10-07,Tue
2024-10-09,2024,10,Oct,41,2024-10-07,Wed
2024-10-10,2024,10,Oct,41,2024-10-07,Thu
2024-10-11,2024,10,Oct,41,2024-10-07,Fri
2024-10-12,2024,10,Oct,41,2024-10-07,Sat
2024-10-13,2024,10,Oct,41,2024-10-07,Sun
2024-10-14,2024,10,Oct,42,2024-10-14,Mon
2024-10-15,2024,10,Oct,42,2024-10-14,Tue
2024-10-16,2024,10,Oct,42,2024-10-14,Wed
2024-10-17,2024,10,Oct,42,2024-10-14,Thu
2024-10-18,2024,10,Oct,42,2024-10-14,Fri
2024-10-19,2024,10,Oct,42,2024-10-14,Sat
2024-10-20,2024,10,Oct,42,2024-10-14,Sun
2024-10-21,2024,10,Oct,43,2024-10-21,Mon
2024-10-22,2024,10,Oct,43,2024-10-21,Tue
2024-10-23,2024,10,Oct,43,2024-10-21,Wed
2024-10-24,2024,10,Oct,43,2024-10-21,Thu
2024-10-25,2024,10,Oct,43,2024-10-21,Fri
2024-10-26,2024,10,Oct,43,2024-10-21,Sat
2024-10-27,2024,10,Oct,43,2024-10-21,Sun
2024-10-28,2024,10,Oct,44,2024-10-28,Mon
2024-10-29,2024,10,Oct,44,2024-10-28,Tue
2024-10-30,2024,10,Oct,44,2024-10-28,Wed
2024-10-31,2024,10,Oct,44,2024-10-28,Thu
2024-11-01,2024,11,Nov,44,2024-10-28,Fri
2024-11-02,2024,11,Nov,44,2024-10-28,Sat
2024-11-03,2024,11,Nov,44,2024-10-28,Sun
2024-11-04,2024,11,Nov,45,2024-11-04,Mon
2024-11-05,2024,11,Nov,45,2024-11-04,Tue
2024-11-06,2024,11,Nov,45,2024-11-04,Wed
2024-11-07,2024,11,Nov,45,2024-11-04,Thu
2024-11-08,2024,11,Nov,45,2024-11-04,Fri
2024-11-09,2024,11,Nov,45,2024-11-04,Sat
2024-11-10,2024,11,Nov,45,2024-11-04,Sun
2024-11-11,2024,11,Nov,46,2024-11-11,Mon
2024-11-12,2024,11,Nov,46,2024-11-11,Tue
2024-11-13,2024,11,Nov,46,2024-11-11,Wed
2024-11-14,2024,11,Nov,46,2024-11-11,Thu
2024-11-15,2024,11,Nov,46,2024-11-11,Fri
2024-11-16,2024,11,Nov,46,2024-11-11,Sat
2024-11-17,2024,11,Nov,46,2024-11-11,Sun
2024-11-18,2024,11,Nov,47,2024-11-18,Mon
2024-11-19,2024,11,Nov,47,2024-11-18,Tue
2024-11-20,2024,11,Nov,47,2024-11-18,Wed
2024-11-21,2024,11,Nov,47,2024-11-18,Thu
2024-11-22,2024,11,Nov,47,2024-11-18,Fri
2024-11-23,2024,11,Nov,47,2024-11-18,Sat
2024-11-24,2024,11,Nov,47,2024-11-18,Sun
2024-11-25,2024,11,Nov,48,2024-11-25,Mon
2024-11-26,2024,11,Nov,48,2024-11-25,Tue
2024-11-27,2024,11,Nov,48,2024-11-25,Wed
2024-11-28,2024,11,Nov,48,2024-11-25,Thu
2024-11-29,2024,11,Nov,48,2024-11-25,Fri
2024-11-30,2024,11,Nov,48,2024-11-25,Sat
2024-12-01,2024,12,Dec,48,2024-11-25,Sun
2024-12-02,2024,12,Dec,49,2024-12-02,Mon
2024-12-03,2024,12,Dec,49,2024-12-02,Tue
2024-12-04,2024,12,Dec,49,2024-12-02,Wed
2024-12-05,2024,12,Dec,49,2024-12-02,Thu
2024-12-06,2024,12,Dec,49,2024-12-02,Fri
2024-12-07,2024,12,Dec,49,2024-12-02,Sat
2024-12-08,2024,12,Dec,49,2024-12-02,Sun
2024-12-09,2024,12,Dec,50,2024-12-09,Mon
2024-12-10,2024,12,Dec,50,2024-12-09,Tue
2024-12-11,2024,12,Dec,50,2024-12-09,Wed
2024-12-12,2024,12,Dec,50,2024-12-09,Thu
2024-12-13,2024,12,Dec,50,2024-12-09,Fri
2024-12-14,2024,12,Dec,50,2024-12-09,Sat
2024-12-15,2024,12,Dec,50,2024-12-09,Sun
2024-12-16,2024,12,Dec,51,2024-12-16,Mon
2024-12-17,2024,12,Dec,51,2024-12-16,Tue
2024-12-18,2024,12,Dec,51,2024-12-16,Wed
2024-12-19,2024,12,Dec,51,2024-12-16,Thu
2024-12-20,2024,12,Dec,51,2024-12-16,Fri
2024-12-21,2024,12,Dec,51,2024-12-16,Sat
2024-12-22,2024,12,Dec,51,2024-12-16,Sun
2024-12-23,2024,12,Dec,52,2024-12-23,Mon
2024-12-24,2024,12,Dec,52,2024-12-23,Tue
2024-12-25,2024,12,Dec,52,2024-12-23,Wed
2024-12-26,2024,12,Dec,52,2024-12-23,Thu
2024-12-27,2024,12,Dec,52,2024-12-23,Fri
2024-12-28,2024,12,Dec,52,2024-12-23,Sat
2024-12-29,2024,12,Dec,52,2024-12-23,Sun
2024-12-30,2024,12,Dec,1,2024-12-30,Mon
2024-12-31,2024,12,Dec,1,2024-12-30,Tue
